abuse*,poison*
abusi*,prejudic*
aggravat*,prick*
aggress,protest
aggressed,protested
aggresses,protesting
aggressing,protests
aggression*,punish*
aggressive,pushy
aggressively,rage*
aggressor*,raging
agitat*,rape*
anger*,raping
angrier,rapist*
angriest,rebel*
angry,resent*
annoy,revenge*
annoyed,ridicul*
annoying,rude
annoys,rudely
antagoni*,sarcas*
L..*,savage*
urgri,
argu* ,sceptic*
assault* ,screw*
asshole* ,shit*
attack* ,sinister
bastard* ,smother*
battl* ,snob*
beaten,spite*
bitch* ,stubborn*
bitter ,stupid
bitterly ,stupider
bitterness,stupidest
blam*,stupidity
bother*,stupidly
brutal*,suck
cheat*,sucked
confront*,sucker*
contempt*,sucks
contradic*,sucky
crap,tantrum*
crappy,teas*
critical,temper
critici*,tempers
cruel,threat*
crueler,tortur*
cruelest,trick
cruelty,tricked
cunt*,trickier
cynic*,trickiest
damn*,tricks
despis*,tricky
destroy*,uglier
destruct,ugliest
destructed,ugly
destruction,vicious
destructive,viciously
,
destructiveness ,viciousness
distrust* ,vile
domina* ,villain*
dumb ,violat*
dumbass* ,violent
dumber ,violently
dumbest,war
dummy ,warfare*
enemie* ,warred
enemy* ,warring
enrag* ,wars
envie* ,weapon*