abnormal*,could've,hazy,neednt,secretively,why'
absolute,couldn't,heed,needed,secrets,whyever
absolutely,couldnt,heeded,needing,seem,wisdom
accept,couldve,hence,neednt,seemed,wise
accepta',coz,hesita',neednt,seeming',wisely
accepted,create,hope,needs,seems,wiser
accepting,created,hoped,neither,sense,wisest
accepts,creates,hopeful,never,sensed,wish
accura',creating,hopefully,nevertheless,senses,wished
acknowledg',creation,hopes,nor,sensing,wishes
activat',creations,hoping,normally,separat',wishing
actually,creative,how,not,shaky,without
adjust',creativity,how'd,nothing,should,wonder
admit,curio',howre,notice,shouldnt,wondered
admits,cuz,how's,noticed,should've,wondering
admitted,decide,howd,notices,shouldn't,wonders
admitting,decided,however,noticino,shouldnt,would
affect,decides,howre,notwithstanding,shouldve,would've
affected,deciding,hows,nowhere,since,wouldn't
affecting,deceiv*,hypothes',obedience,skeptic',wouldnt
affects,decis',hypothetic',obedient,solution',wouldve
afterthought',deduc*,idea,obediently,solve,yearn'
against,define,ideal',obey,solved,
aggravar,defined,ideas,obeyed,solves,
ain't,defines,identir,obeyino,solvino,
aint,definino,if,obeys,some,
all,definite,*lit',obscur',somebod',
allot,definitely,imagin',obvious,someday,
allow',definition,implica',obviously,somehow,
almost,definitive',implicit',occasional',someone',
alot,depend,implie',odd,something',
alternativ',depended,imply',odder,sometime,
although,depending,impossible,oddest,sometimes,
altogether,depends,inadeaua',often,somewhat,
always,desie,incomplet',opinion,somewhere,
ambigu',despite,indecis',opposite',sort,
analy',determina',indeed,option',sorta,
answer',determine,indefinit',or,sortof,
any,determined,independ',origin,sorts,
anybod',determines,indirect',original',sortsa,
anyhow,determining,induc',origins,sought,
anyone',diagnos',inequal*,other,source',
anything,didnt,inevitab',others,specific,
anytime,didnt,infallib',otherwise,specifically,
anywhere,differ,infer,ought,specifics,
apart,differed,inferen',ought'nt,split',
apparent,difference',inferr',ought've,spose,
apparently,different,infers,oughta,statement*,
appear,differential,influenc',oughtnt,stimul*,
appeared,differential',info,oughtnt,suppose,
appearing,differently,inform,oughtve,supposed,
appears,differing,information,outcome',supposedly,
appreciar,differs,informative',outstanding,SUCOOSOS,
apprehens',directly,informed,overall,supposing,
approximat',discern',informing,particularly,supposition',
arbitrar,disclo',informs,partly,sure',
arent,discover',initial*,perceiv',suspect',
arent,disillusion',inque,percept',suspicio',
assurn*,disorient',insight*,perfect,tempora',
assur*,dissimil',inspir*,perfected,tentativ*,
anent',distinct',instead,perfecting,than,
attribur,distinguish',intend',Perfection,theor',
aware',distract',intent',Perfectly,therefor,
barely,doubt',interpret',perfects,think,
based,dubious',invariab',perhaps,thinker',
basis,dunno,irrefu',permit',thinking,
be,effect',isnt,perspective,thinks,
became,either,isnt,persua',though,
because,elicit',jus,pick,thought,
become,else,justif,picked,thoughts,
becomes,enabl*,kind of,picking,thus',
becoming,enact*,kinda,picks,total,
belief*,enlighten',kindof,ponder',totally,
believe,entire',kinds,positive,trick,
believed,especially,knew,positively,tricked,
believes,essential,know,positives,trickier,
believing,evaluat',knowab',positivi',trickiest,
besides,ever,knowing,possib',tricks,
bet,every,knowledg',potential',tricky,
bets,everybod',known,practically,(rimer',
betting,everyday,knows,precis',true,
blatant*,everyone',lack,prefer,truest,
blur',everything',lacked,presum',truly,
border',everytime,lacking,pretend*,truth',
bosses,everywhere',lacks,pretty,try,